{
  "sim_map": {
    "1": "AS-350",
    "2": "B407",
    "3": "EC-130",
    "4": "EC-135",
    "5": "ERJ-24",
    "6": "PC-12",
    "7": "CRJ-200",
    "8": "ERJ-19",
    "9": "ERJ-16",
    "10": "CRJ-700",
    "11": "EC-145",
    "12": "ERJ-32",
    "13": "test1",
    "14": "test2"
  },
  "layout_map": {
    "1": [
      0,
      0
    ],
    "2": [
      1,
      0
    ],
    "3": [
      2,
      0
    ],
    "4": [
      3,
      0
    ],
    "5": [
      4,
      0
    ],
    "6": [
      5,
      0
    ],
    "7": [
      6,
      0
    ],
    "8": [
      0,
      1
    ],
    "9": [
      1,
      1
    ],
    "10": [
      2,
      1
    ],
    "11": [
      3,
      1
    ],
    "12": [
      4,
      1
    ],
    "13": [
      5,
      1
    ],
    "14": [
      6,
      1
    ]
  }
}