﻿Designator,Quantity,Value,Footprint,Package,MPN,DNP,Mount_Type,PARTREV,MANUFACTURER,MAXIMUM_PACKAGE_HEIGHT,STANDARD,MF,Description_1,Price,OC_FARNELL,SnapEDA_Link,MP,OC_NEWARK,Availability,Check_prices,SNAPEDA_PN
", ",2,,,,,,tht,,,,,,,,,,,,,,
"C1, C5, C6",3,CL31A226KAHNNNE,CAPC3216X180N,,,,smt,,,,,,,,,,,,,,
"C2, C3",2,CL31B106KAHNNNE,CAPC3216X180N,,,,smt,,,,,,,,,,,,,,
D1,1,SS34B-HF,DO214AASMB_CIP,,,,smt,,,,,,,,,,,,,,
J1,1,A-DF_09_A_KG-T4S,ASSMANN_A-DF_09_A_KG-T4S,,,,tht,05,Assmann WSW Components,12.8mm,Manufacturer Recommendations,,,,,,,,,,
L1,1,HPC6045NC-4R7M,IND_HPC6045NC_TTA,,,,smt,,,,,,,,,,,,,,
"R1, R2, R3, R4",4,CRGCQ1206F2K2,RESC3115X65N,,,,smt,,,,,,,,,,,,,,
R10,1,RC1206FR-07499KL,RESC3116X65N,,,,smt,,,,,,,,,,,,,,
R11,1,RMCF1206FT10R0,RESC3216X70N,,,,smt,,,,,,,,,,,,,,
R12,1,RMCF1206FT40K2,RESC3216X70N,,,,smt,,,,,,,,,,,,,,
R13,1,RMCF1206FT7K50,RESC3216X70N,,,,smt,,,,,,,,,,,,,,
R14,1,CRCW120620K0FKEAC,RESC3015X65N,,,,smt,,,,,,,,,,,,,,
"R15, R16, R17, R5, R6, R7, R8, R9",8,CR1206-FX-1002ELF,RESC3216X75N,,,,smt,,,,,,,,,,,,,,
S1,1,DRR3016,DRR3010,None,DRR3016,,tht,,,,,Knitter Switch,"Dip Switch Hexadecimal 16 Position Through Hole, Right Angle Rotary for Tool Actuator 30mA 15VDC",None,9810439,https://www.snapeda.com/parts/DRR3016/Knitter+Switch/view-part/?ref=snap,DRR3016,96K8699,In Stock,https://www.snapeda.com/parts/DRR3016/Knitter+Switch/view-part/?ref=eda,
U1,1,ESP32-DEVKITC-32D,MODULE_ESP32-DEVKITC-32D,None,,,tht,V4,Espressif Systems,N/A,Manufacturer Recommendations,Espressif Systems,"WiFi Development Tools (802.11) ESP32 General Development Kit, ESP32-WROOM-32D on the board",None,,https://www.snapeda.com/parts/ESP32-DEVKITC-32D/Espressif+Systems/view-part/?ref=snap,ESP32-DEVKITC-32D,,In Stock,https://www.snapeda.com/parts/ESP32-DEVKITC-32D/Espressif+Systems/view-part/?ref=eda,ESP32-DEVKITC-32D
U2,1,LTV-846S,SOIC254P1016X460-16N,,,,smt,H,Lite-on,4.6mm,IPC-7351B,,,,,,,,,,
U4,1,MP2315SGJ-Z,TSOT23-8_MP2315S_MNP,,,,smt,,,,,,,,,,,,,,
