﻿pos_x,pos_y,rotation,side,designator,mpn,pack,footprint,value,mount_type
108.5748,-70.6477,-90.0,top,,,,,,tht
113.5748,-70.6477,-90.0,top,,,,,,tht
75.0,-59.5,0.0,top,C1,,,CAPC3216X180N,CL31A226KAHNNNE,smt
75.0,-55.0,0.0,top,C2,,,CAPC3216X180N,CL31B106KAHNNNE,smt
83.5,-49.0,0.0,top,C3,,,CAPC3216X180N,CL31B106KAHNNNE,smt
103.0,-65.0,-90.0,top,C5,,,CAPC3216X180N,CL31A226KAHNNNE,smt
97.0,-65.0,-90.0,top,C6,,,CAPC3216X180N,CL31A226KAHNNNE,smt
109.0,-79.5,90.0,top,D1,,,DO214AASMB_CIP,SS34B-HF,smt
93.04,-73.7275,0.0,top,J1,,,ASSMANN_A-DF_09_A_KG-T4S,A-DF_09_A_KG-T4S,tht
87.5,-64.0,180.0,top,L1,,,IND_HPC6045NC_TTA,HPC6045NC-4R7M,smt
78.96,-27.5,0.0,top,R1,,,RESC3115X65N,CRGCQ1206F2K2,smt
75.0,-65.0,180.0,top,R10,,,RESC3116X65N,RC1206FR-07499KL,smt
75.0,-49.0,0.0,top,R11,,,RESC3216X70N,RMCF1206FT10R0,smt
109.0,-58.0,90.0,top,R12,,,RESC3216X70N,RMCF1206FT40K2,smt
100.034,-56.5,0.0,top,R13,,,RESC3216X70N,RMCF1206FT7K50,smt
100.0,-51.0,180.0,top,R14,,,RESC3015X65N,CRCW120620K0FKEAC,smt
148.006,-51.0,0.0,top,R15,,,RESC3216X75N,CR1206-FX-1002ELF,smt
148.006,-59.5,0.0,top,R16,,,RESC3216X75N,CR1206-FX-1002ELF,smt
148.006,-69.0,0.0,top,R17,,,RESC3216X75N,CR1206-FX-1002ELF,smt
78.96,-32.5,0.0,top,R2,,,RESC3115X65N,CRGCQ1206F2K2,smt
78.96,-37.5,0.0,top,R3,,,RESC3115X65N,CRGCQ1206F2K2,smt
79.0,-43.0,0.0,top,R4,,,RESC3115X65N,CRGCQ1206F2K2,smt
108.0,-45.5,180.0,top,R5,,,RESC3216X75N,CR1206-FX-1002ELF,smt
108.0,-40.0,180.0,top,R6,,,RESC3216X75N,CR1206-FX-1002ELF,smt
108.0,-35.0,180.0,top,R7,,,RESC3216X75N,CR1206-FX-1002ELF,smt
108.0,-30.0,180.0,top,R8,,,RESC3216X75N,CR1206-FX-1002ELF,smt
148.006,-42.5,0.0,top,R9,,,RESC3216X75N,CR1206-FX-1002ELF,smt
107.69,-22.0,180.0,top,S1,DRR3016,None,DRR3010,DRR3016,tht
129.2,-49.68,0.0,top,U1,,None,MODULE_ESP32-DEVKITC-32D,ESP32-DEVKITC-32D,tht
95.5,-36.5,0.0,top,U2,,,SOIC254P1016X460-16N,LTV-846S,smt
90.0,-54.5,90.0,top,U4,,,TSOT23-8_MP2315S_MNP,MP2315SGJ-Z,smt
